{
	"$schema": "https://schemas.wp.org/wp/6.5/theme.json",
	"version": 3,
	"settings": {
		"color": {
			"palette": [
				{
					"slug": "primary",
					"color": "#0c0c0c",
					"name": "Primary"
				},
				{
					"slug": "secondary",
					"color": "#1a1a1a",
					"name": "Secondary"
				},
				{
					"slug": "accent",
					"color": "#d4af37",
					"name": "Accent"
				},
				{
					"slug": "text-primary",
					"color": "#fafafa",
					"name": "Text Primary"
				},
				{
					"slug": "text-secondary",
					"color": "#737373",
					"name": "Text Secondary"
				},
				{
					"slug": "text-muted",
					"color": "#525252",
					"name": "Text Muted"
				},
				{
					"slug": "border",
					"color": "#2a2a2a",
					"name": "Border"
				},
				{
					"slug": "white",
					"color": "#ffffff",
					"name": "White"
				}
			]
		},
		"typography": {
			"fontFamilies": [
				{
					"fontFamily": "'Cormorant Garamond', Georgia, serif",
					"slug": "display",
					"name": "Display",
					"fontFace": [
						{
							"fontFamily": "Cormorant Garamond",
							"fontWeight": "300 400 600",
							"fontStyle": "normal italic",
							"src": ["https://fonts.gstatic.com/s/cormorantgaramond/v16/co3YmX5slCNuHLi8bLeY9MK7whWMhyjYrEtFmS.woff2"]
						}
					]
				},
				{
					"fontFamily": "'Space Mono', monospace",
					"slug": "mono",
					"name": "Mono",
					"fontFace": [
						{
							"fontFamily": "Space Mono",
							"fontWeight": "400 700",
							"fontStyle": "normal",
							"src": ["https://fonts.gstatic.com/s/spacemono/v12/i7dPIFZifjKcF5UAWdDRYEF8RQ.woff2"]
						}
					]
				},
				{
					"fontFamily": "-apple-system, BlinkMacSystemFont, 'Segoe UI', Roboto, Oxygen, Ubuntu, sans-serif",
					"slug": "system",
					"name": "System"
				}
			],
			"fontSizes": [
				{
					"slug": "xs",
					"size": "0.65rem",
					"name": "Extra Small"
				},
				{
					"slug": "small",
					"size": "0.8rem",
					"name": "Small"
				},
				{
					"slug": "medium",
					"size": "1rem",
					"name": "Medium"
				},
				{
					"slug": "large",
					"size": "1.5rem",
					"name": "Large"
				},
				{
					"slug": "xl",
					"size": "2.5rem",
					"name": "Extra Large"
				},
				{
					"slug": "display",
					"size": "clamp(3rem, 10vw, 8rem)",
					"name": "Display"
				}
			]
		},
		"spacing": {
			"units": ["px", "rem", "%", "vw", "vh"],
			"spacingSizes": [
				{
					"slug": "10",
					"size": "0.5rem",
					"name": "XS"
				},
				{
					"slug": "20",
					"size": "1rem",
					"name": "S"
				},
				{
					"slug": "30",
					"size": "1.5rem",
					"name": "M"
				},
				{
					"slug": "40",
					"size": "2rem",
					"name": "L"
				},
				{
					"slug": "50",
					"size": "3rem",
					"name": "XL"
				},
				{
					"slug": "60",
					"size": "4rem",
					"name": "2XL"
				}
			]
		},
		"layout": {
			"contentSize": "800px",
			"wideSize": "1200px"
		}
	},
	"styles": {
		"color": {
			"background": "var(--wp--preset--color--primary)",
			"text": "var(--wp--preset--color--text-primary)"
		},
		"typography": {
			"fontFamily": "var(--wp--preset--font-family--mono)",
			"fontSize": "var(--wp--preset--font-size--medium)",
			"lineHeight": "1.6"
		},
		"spacing": {
			"padding": {
				"top": "0",
				"right": "var(--wp--preset--spacing--30)",
				"bottom": "0",
				"left": "var(--wp--preset--spacing--30)"
			}
		},
		"elements": {
			"heading": {
				"typography": {
					"fontFamily": "var(--wp--preset--font-family--display)",
					"fontWeight": "300",
					"lineHeight": "1.1"
				},
				"color": {
					"text": "var(--wp--preset--color--text-primary)"
				}
			},
			"h1": {
				"typography": {
					"fontSize": "var(--wp--preset--font-size--display)"
				}
			},
			"h2": {
				"typography": {
					"fontSize": "var(--wp--preset--font-size--xl)"
				}
			},
			"h3": {
				"typography": {
					"fontSize": "var(--wp--preset--font-size--large)"
				}
			},
			"link": {
				"color": {
					"text": "var(--wp--preset--color--accent)"
				},
				":hover": {
					"color": {
						"text": "var(--wp--preset--color--text-primary)"
					}
				}
			},
			"button": {
				"color": {
					"background": "transparent",
					"text": "var(--wp--preset--color--text-secondary)"
				},
				"border": {
					"color": "var(--wp--preset--color--border)",
					"width": "1px",
					"radius": "0"
				},
				"typography": {
					"fontFamily": "var(--wp--preset--font-family--mono)",
					"fontSize": "var(--wp--preset--font-size--small)",
					"textTransform": "uppercase",
					"letterSpacing": "0.1em"
				},
				"spacing": {
					"padding": {
						"top": "0.75rem",
						"right": "1.5rem",
						"bottom": "0.75rem",
						"left": "1.5rem"
					}
				},
				":hover": {
					"color": {
						"background": "var(--wp--preset--color--text-primary)",
						"text": "var(--wp--preset--color--primary)"
					}
				}
			}
		},
		"blocks": {
			"core/paragraph": {
				"color": {
					"text": "var(--wp--preset--color--text-secondary)"
				}
			},
			"core/site-title": {
				"typography": {
					"fontFamily": "var(--wp--preset--font-family--mono)",
					"fontSize": "var(--wp--preset--font-size--small)",
					"fontWeight": "700",
					"textTransform": "uppercase",
					"letterSpacing": "0.2em"
				}
			}
		}
	}
}
